{"Trainer/where": 0.019555555555555555, "Trainer/epoch": 0, "Trainer/steps_train": 45}
{"Trainer/where": 0.03955555555555556, "Trainer/epoch": 1, "Trainer/steps_train": 90}
