{"Trainer/where": 0.019555555555555555, "Trainer/epoch": 0, "Trainer/steps_train": 45}
{"Trainer/where": 0.03955555555555556, "Trainer/epoch": 1, "Trainer/steps_train": 90}
{"Trainer/where": 0.059555555555555556, "Trainer/epoch": 2, "Trainer/steps_train": 135}
{"Trainer/where": 0.07955555555555556, "Trainer/epoch": 3, "Trainer/steps_train": 180}
{"Trainer/where": 0.09955555555555556, "Trainer/epoch": 4, "Trainer/steps_train": 225}
{"Trainer/where": 0.11955555555555555, "Trainer/epoch": 5, "Trainer/steps_train": 270}
{"Trainer/where": 0.13955555555555554, "Trainer/epoch": 6, "Trainer/steps_train": 315}
{"Trainer/where": 0.15955555555555556, "Trainer/epoch": 7, "Trainer/steps_train": 360}
{"Trainer/where": 0.17955555555555555, "Trainer/epoch": 8, "Trainer/steps_train": 405}
{"Trainer/where": 0.19955555555555557, "Trainer/epoch": 9, "Trainer/steps_train": 450}
{"Trainer/where": 0.21955555555555556, "Trainer/epoch": 10, "Trainer/steps_train": 495}
{"Trainer/where": 0.23955555555555555, "Trainer/epoch": 11, "Trainer/steps_train": 540}
{"Trainer/where": 0.25955555555555554, "Trainer/epoch": 12, "Trainer/steps_train": 585}
{"Trainer/where": 0.27955555555555556, "Trainer/epoch": 13, "Trainer/steps_train": 630}
{"Trainer/where": 0.2995555555555556, "Trainer/epoch": 14, "Trainer/steps_train": 675}
{"Trainer/where": 0.31955555555555554, "Trainer/epoch": 15, "Trainer/steps_train": 720}
{"Trainer/where": 0.33955555555555555, "Trainer/epoch": 16, "Trainer/steps_train": 765}
{"Trainer/where": 0.3595555555555556, "Trainer/epoch": 17, "Trainer/steps_train": 810}
{"Trainer/where": 0.37955555555555553, "Trainer/epoch": 18, "Trainer/steps_train": 855}
{"Trainer/where": 0.39955555555555555, "Trainer/epoch": 19, "Trainer/steps_train": 900}
{"Trainer/where": 0.41955555555555557, "Trainer/epoch": 20, "Trainer/steps_train": 945}
{"Trainer/where": 0.43955555555555553, "Trainer/epoch": 21, "Trainer/steps_train": 990}
{"Trainer/where": 0.45955555555555555, "Trainer/epoch": 22, "Trainer/steps_train": 1035}
{"Trainer/where": 0.47955555555555557, "Trainer/epoch": 23, "Trainer/steps_train": 1080}
{"Trainer/where": 0.49955555555555553, "Trainer/epoch": 24, "Trainer/steps_train": 1125}
{"Trainer/where": 0.5195555555555555, "Trainer/epoch": 25, "Trainer/steps_train": 1170}
{"Trainer/where": 0.5395555555555556, "Trainer/epoch": 26, "Trainer/steps_train": 1215}
{"Trainer/where": 0.5595555555555556, "Trainer/epoch": 27, "Trainer/steps_train": 1260}
{"Trainer/where": 0.5795555555555556, "Trainer/epoch": 28, "Trainer/steps_train": 1305}
{"Trainer/where": 0.5995555555555555, "Trainer/epoch": 29, "Trainer/steps_train": 1350}
{"Trainer/where": 0.6195555555555555, "Trainer/epoch": 30, "Trainer/steps_train": 1395}
{"Trainer/where": 0.6395555555555555, "Trainer/epoch": 31, "Trainer/steps_train": 1440}
{"Trainer/where": 0.6595555555555555, "Trainer/epoch": 32, "Trainer/steps_train": 1485}
{"Trainer/where": 0.6795555555555555, "Trainer/epoch": 33, "Trainer/steps_train": 1530}
{"Trainer/where": 0.6995555555555555, "Trainer/epoch": 34, "Trainer/steps_train": 1575}
{"Trainer/where": 0.7195555555555555, "Trainer/epoch": 35, "Trainer/steps_train": 1620}
{"Trainer/where": 0.7395555555555555, "Trainer/epoch": 36, "Trainer/steps_train": 1665}
{"Trainer/where": 0.7595555555555555, "Trainer/epoch": 37, "Trainer/steps_train": 1710}
{"Trainer/where": 0.7795555555555554, "Trainer/epoch": 38, "Trainer/steps_train": 1755}
{"Trainer/where": 0.7995555555555555, "Trainer/epoch": 39, "Trainer/steps_train": 1800}
{"Trainer/where": 0.8195555555555555, "Trainer/epoch": 40, "Trainer/steps_train": 1845}
{"Trainer/where": 0.8395555555555555, "Trainer/epoch": 41, "Trainer/steps_train": 1890}
{"Trainer/where": 0.8595555555555555, "Trainer/epoch": 42, "Trainer/steps_train": 1935}
{"Trainer/where": 0.8795555555555555, "Trainer/epoch": 43, "Trainer/steps_train": 1980}
{"Trainer/where": 0.8995555555555554, "Trainer/epoch": 44, "Trainer/steps_train": 2025}
{"Trainer/where": 0.9195555555555555, "Trainer/epoch": 45, "Trainer/steps_train": 2070}
{"Trainer/where": 0.9395555555555555, "Trainer/epoch": 46, "Trainer/steps_train": 2115}
{"Trainer/where": 0.9595555555555555, "Trainer/epoch": 47, "Trainer/steps_train": 2160}
{"Trainer/where": 0.9795555555555555, "Trainer/epoch": 48, "Trainer/steps_train": 2205}
{"Trainer/where": 0.9995555555555555, "Trainer/epoch": 49, "Trainer/steps_train": 2250}
