{"Losses/train_all_loss": 2.5388275530603197, "Losses/train_all_loss_mask": 0.03632567290527125, "Losses/train_all_loss_dice": 1.1467072046465343, "Losses/train_all_loss_iou": 0.5387116113884581, "Losses/train_all_loss_class": 0.1268952580736065, "Losses/train_all_core_loss": 2.5388275530603197, "Trainer/where": 0.019555555555555555, "Trainer/epoch": 0, "Trainer/steps_train": 45}
{"Losses/train_all_loss": 2.3330684334039686, "Losses/train_all_loss_mask": 0.03218771295828952, "Losses/train_all_loss_dice": 1.1224629723363453, "Losses/train_all_loss_iou": 0.5057047897742855, "Losses/train_all_loss_class": 0.06114643768280782, "Losses/train_all_core_loss": 2.3330684334039686, "Trainer/where": 0.03955555555555556, "Trainer/epoch": 1, "Trainer/steps_train": 90}
