{"Losses/train_all_loss": 2.5388275530603197, "Losses/train_all_loss_mask": 0.03632567290527125, "Losses/train_all_loss_dice": 1.1467072046465343, "Losses/train_all_loss_iou": 0.5387116113884581, "Losses/train_all_loss_class": 0.1268952580736065, "Losses/train_all_core_loss": 2.5388275530603197, "Trainer/where": 0.019555555555555555, "Trainer/epoch": 0, "Trainer/steps_train": 45}
{"Losses/train_all_loss": 2.3330684334039686, "Losses/train_all_loss_mask": 0.03218771295828952, "Losses/train_all_loss_dice": 1.1224629723363453, "Losses/train_all_loss_iou": 0.5057047897742855, "Losses/train_all_loss_class": 0.06114643768280782, "Losses/train_all_core_loss": 2.3330684334039686, "Trainer/where": 0.03955555555555556, "Trainer/epoch": 1, "Trainer/steps_train": 90}
{"Losses/train_all_loss": 2.2866080274184544, "Losses/train_all_loss_mask": 0.03182036256314152, "Losses/train_all_loss_dice": 1.11248180270195, "Losses/train_all_loss_iou": 0.49118105951282715, "Losses/train_all_loss_class": 0.04653786160815798, "Losses/train_all_core_loss": 2.2866080274184544, "Trainer/where": 0.059555555555555556, "Trainer/epoch": 2, "Trainer/steps_train": 135}
{"Losses/train_all_loss": 2.3653549661238986, "Losses/train_all_loss_mask": 0.029078847635537385, "Losses/train_all_loss_dice": 1.1960522085428238, "Losses/train_all_loss_iou": 0.5517269043044911, "Losses/train_all_loss_class": 0.03599889519426035, "Losses/train_all_core_loss": 2.3653549661238986, "Trainer/where": 0.07955555555555556, "Trainer/epoch": 3, "Trainer/steps_train": 180}
{"Losses/train_all_loss": 2.0176586674319372, "Losses/train_all_loss_mask": 0.02424050795638727, "Losses/train_all_loss_dice": 1.0591881179147296, "Losses/train_all_loss_iou": 0.4724102947033114, "Losses/train_all_loss_class": 0.0012501206212386744, "Losses/train_all_core_loss": 2.0176586674319372, "Trainer/where": 0.09955555555555556, "Trainer/epoch": 4, "Trainer/steps_train": 225}
{"Losses/train_all_loss": 2.4534183147880766, "Losses/train_all_loss_mask": 0.03163638351899054, "Losses/train_all_loss_dice": 1.0606850826077991, "Losses/train_all_loss_iou": 0.49234394120673336, "Losses/train_all_loss_class": 0.2676616587896161, "Losses/train_all_core_loss": 2.4534183147880766, "Trainer/where": 0.11955555555555555, "Trainer/epoch": 5, "Trainer/steps_train": 270}
{"Losses/train_all_loss": 2.8422818058066897, "Losses/train_all_loss_mask": 0.03628610211114089, "Losses/train_all_loss_dice": 1.3776252862479952, "Losses/train_all_loss_iou": 0.6301850750628445, "Losses/train_all_loss_class": 0.10874944459593966, "Losses/train_all_core_loss": 2.8422818058066897, "Trainer/where": 0.13955555555555554, "Trainer/epoch": 6, "Trainer/steps_train": 315}
{"Losses/train_all_loss": 1.951804553469022, "Losses/train_all_loss_mask": 0.02438490327137212, "Losses/train_all_loss_dice": 1.005285828643375, "Losses/train_all_loss_iou": 0.42447951169063647, "Losses/train_all_loss_class": 0.03434107657446642, "Losses/train_all_core_loss": 1.951804553469022, "Trainer/where": 0.15955555555555556, "Trainer/epoch": 7, "Trainer/steps_train": 360}
{"Losses/train_all_loss": 1.8085472911596299, "Losses/train_all_loss_mask": 0.020106769487675695, "Losses/train_all_loss_dice": 0.931510939862993, "Losses/train_all_loss_iou": 0.426399232322971, "Losses/train_all_loss_class": 0.048501734174653026, "Losses/train_all_core_loss": 1.8085472911596299, "Trainer/where": 0.17955555555555555, "Trainer/epoch": 8, "Trainer/steps_train": 405}
{"Losses/train_all_loss": 2.613400468892521, "Losses/train_all_loss_mask": 0.033543435375516614, "Losses/train_all_loss_dice": 1.3253244459629059, "Losses/train_all_loss_iou": 0.6060279819907414, "Losses/train_all_loss_class": 0.011179370215963443, "Losses/train_all_core_loss": 2.613400468892521, "Trainer/where": 0.19955555555555557, "Trainer/epoch": 9, "Trainer/steps_train": 450}
{"Losses/train_all_loss": 2.1138146112362546, "Losses/train_all_loss_mask": 0.030273252316854068, "Losses/train_all_loss_dice": 1.0144616908497281, "Losses/train_all_loss_iou": 0.39658684900237456, "Losses/train_all_loss_class": 0.09730107960557312, "Losses/train_all_core_loss": 2.1138146112362546, "Trainer/where": 0.21955555555555556, "Trainer/epoch": 10, "Trainer/steps_train": 495}
{"Losses/train_all_loss": 2.1882825358046425, "Losses/train_all_loss_mask": 0.03154180384654966, "Losses/train_all_loss_dice": 1.0564582139253615, "Losses/train_all_loss_iou": 0.43409394464559026, "Losses/train_all_loss_class": 0.06689429595667935, "Losses/train_all_core_loss": 2.1882825358046425, "Trainer/where": 0.23955555555555555, "Trainer/epoch": 11, "Trainer/steps_train": 540}
{"Losses/train_all_loss": 2.337684478362401, "Losses/train_all_loss_mask": 0.03216410643007192, "Losses/train_all_loss_dice": 1.1735013282961315, "Losses/train_all_loss_iou": 0.47506908939944376, "Losses/train_all_loss_class": 0.04583194566693069, "Losses/train_all_core_loss": 2.337684478362401, "Trainer/where": 0.25955555555555554, "Trainer/epoch": 12, "Trainer/steps_train": 585}
{"Losses/train_all_loss": 1.6984215888712142, "Losses/train_all_loss_mask": 0.02151395898933212, "Losses/train_all_loss_dice": 0.92038524515099, "Losses/train_all_loss_iou": 0.3477052085929447, "Losses/train_all_loss_class": 5.198484425300206e-05, "Losses/train_all_core_loss": 1.6984215888712142, "Trainer/where": 0.27955555555555556, "Trainer/epoch": 13, "Trainer/steps_train": 630}
{"Losses/train_all_loss": 2.254053039683236, "Losses/train_all_loss_mask": 0.024925862149231964, "Losses/train_all_loss_dice": 1.2045457945929634, "Losses/train_all_loss_iou": 0.4589637615614467, "Losses/train_all_loss_class": 0.09202624620826066, "Losses/train_all_core_loss": 2.254053039683236, "Trainer/where": 0.2995555555555556, "Trainer/epoch": 14, "Trainer/steps_train": 675}
{"Losses/train_all_loss": 1.9167199386490716, "Losses/train_all_loss_mask": 0.02178998961009913, "Losses/train_all_loss_dice": 1.0025076831380526, "Losses/train_all_loss_iou": 0.4230187296039528, "Losses/train_all_loss_class": 0.055393716920866906, "Losses/train_all_core_loss": 1.9167199386490716, "Trainer/where": 0.31955555555555554, "Trainer/epoch": 15, "Trainer/steps_train": 720}
{"Losses/train_all_loss": 1.772740951842732, "Losses/train_all_loss_mask": 0.023920856359311276, "Losses/train_all_loss_dice": 0.8495633982949786, "Losses/train_all_loss_iou": 0.38188627043532003, "Losses/train_all_loss_class": 0.06287418844680441, "Losses/train_all_core_loss": 1.772740951842732, "Trainer/where": 0.33955555555555555, "Trainer/epoch": 16, "Trainer/steps_train": 765}
{"Losses/train_all_loss": 2.3271634373399945, "Losses/train_all_loss_mask": 0.031091652836443648, "Losses/train_all_loss_dice": 1.215155662761794, "Losses/train_all_loss_iou": 0.47927944411834084, "Losses/train_all_loss_class": 0.010895274804588132, "Losses/train_all_core_loss": 2.3271634373399945, "Trainer/where": 0.3595555555555556, "Trainer/epoch": 17, "Trainer/steps_train": 810}
{"Losses/train_all_loss": 2.2587036649386087, "Losses/train_all_loss_mask": 0.027028367575258016, "Losses/train_all_loss_dice": 1.1774300194448895, "Losses/train_all_loss_iou": 0.4909979679104355, "Losses/train_all_loss_class": 0.04970828940932853, "Losses/train_all_core_loss": 2.2587036649386087, "Trainer/where": 0.37955555555555553, "Trainer/epoch": 18, "Trainer/steps_train": 855}
{"Losses/train_all_loss": 2.0867264211177825, "Losses/train_all_loss_mask": 0.025688872563963135, "Losses/train_all_loss_dice": 1.0984701073831982, "Losses/train_all_loss_iou": 0.43217102881107067, "Losses/train_all_loss_class": 0.04230786197826935, "Losses/train_all_core_loss": 2.0867264211177825, "Trainer/where": 0.39955555555555555, "Trainer/epoch": 19, "Trainer/steps_train": 900}
{"Losses/train_all_loss": 2.180792898270819, "Losses/train_all_loss_mask": 0.03184586723024647, "Losses/train_all_loss_dice": 1.0942104584640926, "Losses/train_all_loss_iou": 0.44027169831097124, "Losses/train_all_loss_class": 0.009393357856569863, "Losses/train_all_core_loss": 2.180792898270819,